sampler_label,aggregate_report_count,average,aggregate_report_min,aggregate_report_max,aggregate_report_stddev,aggregate_report_error%,aggregate_report_rate,aggregate_report_bandwidth,average_bytes
conf3,323618,1160,3,63174,4595.998911799682,0.0035041314141982215,430.82088379932,145.43608416989386,345.68089846671074
TOTAL,323618,1160,3,63174,4595.998911799682,0.0035041314141982215,430.82088379932,145.43608416989386,345.68089846671074
