sampler_label,aggregate_report_count,average,aggregate_report_min,aggregate_report_max,aggregate_report_stddev,aggregate_report_error%,aggregate_report_rate,aggregate_report_bandwidth,average_bytes
conf3,149717,1307,3,63166,4813.483277236146,0.0035734084973650286,452.1888043878778,152.53033846222675,345.41117575158466
TOTAL,149717,1307,3,63166,4813.483277236146,0.0035734084973650286,452.1888043878778,152.53033846222675,345.41117575158466
