sampler_label,aggregate_report_count,average,aggregate_report_min,aggregate_report_max,aggregate_report_stddev,aggregate_report_error%,aggregate_report_rate,aggregate_report_bandwidth,average_bytes
conf3,169010,1086,3,63163,4627.834719227991,0.003597420270989882,511.7948096781031,172.9617544022348,346.06219750310635
TOTAL,169010,1086,3,63163,4627.834719227991,0.003597420270989882,511.7948096781031,172.9617544022348,346.06219750310635
