sampler_label,aggregate_report_count,average,aggregate_report_min,aggregate_report_max,aggregate_report_stddev,aggregate_report_error%,aggregate_report_rate,aggregate_report_bandwidth,average_bytes
conf3,160930,3071,3,72377,9657.441571495294,0.018890200708382526,485.2390012392545,175.52670260397977,370.41404958677685
TOTAL,160930,3071,3,72377,9657.441571495294,0.018890200708382526,485.2390012392545,175.52670260397977,370.41404958677685
