sampler_label,aggregate_report_count,average,aggregate_report_min,aggregate_report_max,aggregate_report_stddev,aggregate_report_error%,aggregate_report_rate,aggregate_report_bandwidth,average_bytes
conf3,141578,1428,3,63187,5752.628895405368,0.006074390088855613,427.9000323392783,145.89812522856616,349.14622328327846
TOTAL,141578,1428,3,63187,5752.628895405368,0.006074390088855613,427.9000323392783,145.89812522856616,349.14622328327846
