sampler_label,aggregate_report_count,average,aggregate_report_min,aggregate_report_max,aggregate_report_stddev,aggregate_report_error%,aggregate_report_rate,aggregate_report_bandwidth,average_bytes
conf3,166332,1113,3,63196,4605.566637940055,0.0033908087439578675,501.43649140366165,169.26297477322126,345.6575042685713
TOTAL,166332,1113,3,63196,4605.566637940055,0.0033908087439578675,501.43649140366165,169.26297477322126,345.6575042685713
