sampler_label,aggregate_report_count,average,aggregate_report_min,aggregate_report_max,aggregate_report_stddev,aggregate_report_error%,aggregate_report_rate,aggregate_report_bandwidth,average_bytes
conf3,158538,1197,3,63174,4747.968238685906,0.003942272515106788,478.772943883745,161.92619174752517,346.32788353580844
TOTAL,158538,1197,3,63174,4747.968238685906,0.003942272515106788,478.772943883745,161.92619174752517,346.32788353580844
