sampler_label,aggregate_report_count,average,aggregate_report_min,aggregate_report_max,aggregate_report_stddev,aggregate_report_error%,aggregate_report_rate,aggregate_report_bandwidth,average_bytes
conf3:conf3,140596,359,3,31611,744.661834709348,0.0,465.49880311091835,154.25676594631216,339.3326197046858
TOTAL,140596,359,3,31611,744.661834709348,0.0,465.49880311091835,154.25676594631216,339.3326197046858
