sampler_label,aggregate_report_count,average,aggregate_report_min,aggregate_report_max,aggregate_report_stddev,aggregate_report_error%,aggregate_report_rate,aggregate_report_bandwidth,average_bytes
conf5,104981,723,5,63174,2021.8683856581638,3.810213276688163E-4,320.40592095223565,105.94790494334657,338.6037759213572
TOTAL,104981,723,5,63174,2021.8683856581638,3.810213276688163E-4,320.40592095223565,105.94790494334657,338.6037759213572
