sampler_label,aggregate_report_count,average,aggregate_report_min,aggregate_report_max,aggregate_report_stddev,aggregate_report_error%,aggregate_report_rate,aggregate_report_bandwidth,average_bytes
all_confs:/adaptivecellsj/start.html,15671,286,1,63163,1563.5456357368064,3.828728224108225E-4,52.244329168278014,117.38257092811112,2300.723438197945
all_confs:conf3,15603,354,3,31528,1094.2953944779094,0.0,52.16318588922803,17.312889712163052,339.8641927834391
all_confs:conf5,15509,296,5,31751,787.8459199847538,0.0,52.476111847982025,17.415914196574793,339.8478947707783
all_confs:conf6,15416,237,3,31474,709.969612805968,0.0,52.91957021729429,17.57105161812159,340.0019460300986
all_confs:conf8,15305,283,4,31378,755.5920496333717,0.0,52.69155558003746,17.49222055594669,339.94126102580856
all_confs:conf10,15246,279,4,31713,745.6397798996063,0.0,52.643209833914575,17.52489473990884,340.8890200708382
TOTAL,92750,290,1,63163,994.4159060736125,6.46900269541779E-5,309.0976348615476,202.65559962441722,671.3714716981132
