sampler_label,aggregate_report_count,average,aggregate_report_min,aggregate_report_max,aggregate_report_stddev,aggregate_report_error%,aggregate_report_rate,aggregate_report_bandwidth,average_bytes
conf6:conf6,160916,218,3,15378,336.58997410709856,0.0,531.6250780509239,176.55836515938907,340.0813343607845
TOTAL,160916,218,3,15378,336.58997410709856,0.0,531.6250780509239,176.55836515938907,340.0813343607845
