sampler_label,aggregate_report_count,average,aggregate_report_min,aggregate_report_max,aggregate_report_stddev,aggregate_report_error%,aggregate_report_rate,aggregate_report_bandwidth,average_bytes
conf8:conf8,114659,596,4,63143,1644.5201189350764,3.1397448085191743E-4,373.9083645850318,123.7549074932741,338.9200062794896
TOTAL,114659,596,4,63143,1644.5201189350764,3.1397448085191743E-4,373.9083645850318,123.7549074932741,338.9200062794896
