sampler_label,aggregate_report_count,average,aggregate_report_min,aggregate_report_max,aggregate_report_stddev,aggregate_report_error%,aggregate_report_rate,aggregate_report_bandwidth,average_bytes
all_confs:/adaptivecellsj/start.html,12362,24,1,1818,104.97738632190108,0.0,41.32029748474972,92.5482250668505,2293.530982041741
all_confs:conf3,12327,119,4,11080,696.265063145697,0.0,41.40370204919272,13.448650499240916,332.613206781861
all_confs:conf5,12298,191,5,14136,1131.1263376953714,0.0,41.963530150410826,13.626759667896772,332.52211741746623
all_confs:conf6,12259,64,3,6480,309.6467336124582,0.0,42.79181792795308,13.903324539453015,332.7038910188433
all_confs:conf8,12231,53,4,3262,120.90294959810784,0.0,43.350050505945525,14.078380021797305,332.5546562014553
all_confs:conf10,12203,54,5,1274,91.51781894170497,0.0,43.84852263213306,14.283799051335077,333.5713349176432
TOTAL,73680,84,1,14136,565.1229909676699,0.0,246.27726247179743,159.15765098813404,661.7640336590663
