sampler_label,aggregate_report_count,average,aggregate_report_min,aggregate_report_max,aggregate_report_stddev,aggregate_report_error%,aggregate_report_rate,aggregate_report_bandwidth,average_bytes
conf6:conf6,76587,76,3,955,127.48159061257297,0.0,255.29850995033166,82.89703406780225,332.4992492198415
TOTAL,76587,76,3,955,127.48159061257297,0.0,255.29850995033166,82.89703406780225,332.4992492198415
