sampler_label,aggregate_report_count,average,aggregate_report_min,aggregate_report_max,aggregate_report_stddev,aggregate_report_error%,aggregate_report_rate,aggregate_report_bandwidth,average_bytes
conf5,20981,8,4,102,4.424411979460548,0.0,69.94086311845378,22.415303251528425,328.18111624803396
TOTAL,20981,8,4,102,4.424411979460548,0.0,69.94086311845378,22.415303251528425,328.18111624803396
