sampler_label,aggregate_report_count,average,aggregate_report_min,aggregate_report_max,aggregate_report_stddev,aggregate_report_error%,aggregate_report_rate,aggregate_report_bandwidth,average_bytes
all_confs:/adaptivecellsj/start.html,3414,5,2,152,5.257631943205993,0.0,11.381289879519679,25.44118411544975,2289.0
all_confs:conf3,3402,8,4,423,14.7329083778176,0.0,11.373590002473973,3.6462046556664016,328.27924750146974
all_confs:conf5,3392,10,5,192,8.272885644670557,0.0,11.388282692630519,3.6478092999832126,328.0
all_confs:conf6,3385,7,3,105,5.374546226238356,0.0,11.388985152262489,3.6542771148689344,328.5612998522895
all_confs:conf8,3377,9,5,198,6.899704120079606,0.0,11.38708676710592,3.6474262300886147,328.0
all_confs:conf10,3372,10,5,283,9.306125577785009,0.0,11.397166931992173,3.6649207678046936,329.2817319098458
TOTAL,20342,8,2,423,9.101323970672812,0.0,67.8143522932599,43.54074842023763,657.4674073345788
