sampler_label,aggregate_report_count,average,aggregate_report_min,aggregate_report_max,aggregate_report_stddev,aggregate_report_error%,aggregate_report_rate,aggregate_report_bandwidth,average_bytes
/adaptivecellsj/start.html,1366,6,2,188,7.33112986238803,0.0,4.555003501283804,10.182034193787723,2289.0
conf3,1359,12,4,376,17.402988728532467,0.0,4.54679282148736,1.4576361403115508,328.27961736571007
conf5,1356,14,6,150,10.926681020324782,0.0,4.551710248061496,1.4579696888321976,328.0
conf6,1352,11,4,313,11.316428432445031,0.0,4.555777953000007,1.4617735438021875,328.5621301775148
conf8,1351,14,5,173,10.420289768794207,0.0,4.5589525544982115,1.4602894901127086,328.0
conf10,1348,14,5,158,9.791372473454832,0.0,4.55969205165847,1.4662344317635996,329.2818991097923
TOTAL,8132,12,2,376,11.937406024900117,0.0,27.116247740868438,17.417905628738822,657.7582390555829
