sampler_label,aggregate_report_count,average,aggregate_report_min,aggregate_report_max,aggregate_report_stddev,aggregate_report_error%,aggregate_report_rate,aggregate_report_bandwidth,average_bytes
conf10,8345,12,4,156,9.067267352849175,0.0,27.826962642844517,8.945448487815492,329.1821449970042
TOTAL,8345,12,4,156,9.067267352849175,0.0,27.826962642844517,8.945448487815492,329.1821449970042
