sampler_label,aggregate_report_count,average,aggregate_report_min,aggregate_report_max,aggregate_report_stddev,aggregate_report_error%,aggregate_report_rate,aggregate_report_bandwidth,average_bytes
conf8,8365,11,5,179,8.354043360068538,0.0,27.887330517374156,8.937609182316132,328.18170950388526
TOTAL,8365,11,5,179,8.354043360068538,0.0,27.887330517374156,8.937609182316132,328.18170950388526
