sampler_label,aggregate_report_count,average,aggregate_report_min,aggregate_report_max,aggregate_report_stddev,aggregate_report_error%,aggregate_report_rate,aggregate_report_bandwidth,average_bytes
conf5,8348,12,4,190,10.557562392088078,0.0,27.827594253141772,8.918474365812193,328.18207954000957
TOTAL,8348,12,4,190,10.557562392088078,0.0,27.827594253141772,8.918474365812193,328.18207954000957
