sampler_label,aggregate_report_count,average,aggregate_report_median,aggregate_report_90%_line,aggregate_report_min,aggregate_report_max,aggregate_report_error%,aggregate_report_rate,aggregate_report_bandwidth
/adaptivecellsj/start.html,3359,4,3,6,2,100,0.0,11.203089771468974,25.042844225480945
conf3,24390,6,6,8,3,267,0.0,40.659961690614196,13.031626993405052
conf5,23996,8,7,11,5,123,0.0,26.67505588799945,8.548479087716645
conf6,23801,5,5,7,3,101,0.0,19.84177267952715,6.359960771420711
conf8,23767,7,7,9,4,98,0.0,15.849780862625007,5.079357689414451
conf10,23734,7,7,10,4,100,0.0,13.189461101537288,4.240207395439872
TOTAL,123047,7,7,9,2,267,0.0,68.22886198359251,25.446439942894017
