sampler_label,aggregate_report_count,average,aggregate_report_min,aggregate_report_max,aggregate_report_stddev,aggregate_report_error%,aggregate_report_rate,aggregate_report_bandwidth,average_bytes
conf10,20418,7,4,100,3.009063193235113,0.0,68.07406864085245,21.883826042798844,329.1861102948379
TOTAL,20418,7,4,100,3.009063193235113,0.0,68.07406864085245,21.883826042798844,329.1861102948379
