sampler_label,aggregate_report_count,average,aggregate_report_min,aggregate_report_max,aggregate_report_stddev,aggregate_report_error%,aggregate_report_rate,aggregate_report_bandwidth,average_bytes
conf5,20652,8,5,123,3.5109183737589045,0.0,68.84504863690003,22.064300340358294,328.1840015494867
TOTAL,20652,8,5,123,3.5109183737589045,0.0,68.84504863690003,22.064300340358294,328.1840015494867
