sampler_label,aggregate_report_count,average,aggregate_report_min,aggregate_report_max,aggregate_report_stddev,aggregate_report_error%,aggregate_report_rate,aggregate_report_bandwidth,average_bytes
/adaptivecellsj/start.html,3359,4,2,100,4.116775222655414,0.0,11.203089771468974,25.042844225480945,2289.0
conf3,3354,7,4,267,8.84240579474424,0.0,11.21379088988151,3.5950191890730734,328.283243887895
conf5,3344,9,5,88,6.263050036126115,0.0,11.216357635441543,3.5927395551023693,328.0
conf6,3334,6,3,101,5.534338935398062,0.0,11.213394187466157,3.5970324150839326,328.4787042591482
conf8,3327,8,4,98,6.994978504323224,0.0,11.215009977886846,3.59230788354188,328.0
conf10,3316,9,5,90,6.556008578490881,0.0,11.20660229742106,3.6036940747118087,329.2864897466828
TOTAL,20034,7,2,267,6.778205616455235,0.0,66.79870363701836,42.86669994160865,657.1310272536688
