sampler_label,aggregate_report_count,average,aggregate_report_min,aggregate_report_max,aggregate_report_stddev,aggregate_report_error%,aggregate_report_rate,aggregate_report_bandwidth,average_bytes
/adaptivecellsj/start.html,3359,4,2,100,4.116775222655414,0.0,11.203089771468974,25.042844225480945,2289.0
conf3,24390,6,3,267,3.9684575150437356,0.0,40.659961690614196,13.031626993405052,328.1947519475195
conf5,23996,8,5,123,4.027301503340558,0.0,26.67505588799945,8.548479087716645,328.1583597266211
conf6,23801,5,3,101,2.741031123525532,0.0,19.84177267952715,6.359960771420711,328.22671316331247
conf8,23767,7,4,98,3.5581065878537257,0.0,15.849780862625007,5.079357689414451,328.15988555560233
conf10,23734,7,4,100,3.757473659663262,0.0,13.189461101537288,4.240207395439872,329.20013482767337
TOTAL,123047,7,2,267,3.7762532354349134,0.0,68.22886198359251,25.446439942894017,381.90809202987475
