sampler_label,aggregate_report_count,average,aggregate_report_min,aggregate_report_max,aggregate_report_stddev,aggregate_report_error%,aggregate_report_rate,aggregate_report_bandwidth,average_bytes
conf5,116784,575,5,63131,1410.4629021489334,1.0275380189066995E-4,371.89158893980454,122.94696320897566,338.5333093574462
TOTAL,116784,575,5,63131,1410.4629021489334,1.0275380189066995E-4,371.89158893980454,122.94696320897566,338.5333093574462
