sampler_label,aggregate_report_count,average,aggregate_report_min,aggregate_report_max,aggregate_report_stddev,aggregate_report_error%,aggregate_report_rate,aggregate_report_bandwidth,average_bytes
conf6:conf6,136909,387,2,63142,917.268979427329,5.1128852011189915E-5,450.77077063893955,149.29609895109672,339.15066211863353
TOTAL,136909,387,2,63142,917.268979427329,5.1128852011189915E-5,450.77077063893955,149.29609895109672,339.15066211863353
