sampler_label,aggregate_report_count,average,aggregate_report_min,aggregate_report_max,aggregate_report_stddev,aggregate_report_error%,aggregate_report_rate,aggregate_report_bandwidth,average_bytes
conf3:conf3,135084,401,3,63164,1751.123231608486,5.033904829587516E-4,449.58464241972416,149.32641485856044,340.114484320867
TOTAL,135084,401,3,63164,1751.123231608486,5.033904829587516E-4,449.58464241972416,149.32641485856044,340.114484320867
