sampler_label,aggregate_report_count,average,aggregate_report_min,aggregate_report_max,aggregate_report_stddev,aggregate_report_error%,aggregate_report_rate,aggregate_report_bandwidth,average_bytes
all_confs:/adaptivecellsj/start.html,15866,373,1,34796,1436.7302683068503,0.0,52.89407183672381,118.84212292325091,2300.717824278331
all_confs:conf3,15774,621,3,63162,2390.335444751835,5.071636870800051E-4,52.74385758422834,17.537755444622963,340.4882084442754
all_confs:conf5,15688,521,5,63105,1694.781335610674,6.374298827129016E-5,53.14795240805485,17.63307103219774,339.7358490566038
all_confs:conf6,15602,361,3,34822,1149.2865328924486,0.0,53.75032728375157,17.83535293784537,339.7821433149596
all_confs:conf8,15519,393,5,33887,1136.9367416117589,0.0,53.98551480870781,17.911357343129275,339.74354017655776
all_confs:conf10,15444,395,5,33858,1204.3412046754017,0.0,54.93270352559543,18.277899153769955,340.71814296814296
TOTAL,93893,444,1,63162,1571.4418225284878,9.585379101743475E-5,312.98918623411606,205.21536356245917,671.3986985185264
