sampler_label,aggregate_report_count,average,aggregate_report_median,aggregate_report_90%_line,aggregate_report_min,aggregate_report_max,aggregate_report_error%,aggregate_report_rate,aggregate_report_bandwidth
/adaptivecellsj/start.html,14803,123,11,187,1,20266,0.0,49.467000835421885,111.12462471282373
conf3,166107,89,24,220,3,15441,0.0,276.99965814246286,91.80992264952098
conf5,129151,327,265,668,4,15333,0.0,144.0003121933815,47.58695813890933
conf6,158870,122,35,311,3,7336,0.0,132.9975814816334,44.04700381603104
conf8,141394,225,173,504,4,5166,0.0,94.78842647216561,31.349482787444355
conf10,128397,318,253,704,4,7937,0.0,71.74199099851651,23.776281718739963
TOTAL,738722,204,93,515,1,20266,0.0,409.41532997770923,151.258336091738
