sampler_label,aggregate_report_count,average,aggregate_report_min,aggregate_report_max,aggregate_report_stddev,aggregate_report_error%,aggregate_report_rate,aggregate_report_bandwidth,average_bytes
/adaptivecellsj/start.html,14803,123,1,20266,856.183305466436,0.0,49.467000835421885,111.12462471282373,2300.354049854759
conf3,166107,89,3,15441,340.0334979288092,0.0,276.99965814246286,91.80992264952098,339.3988332821615
conf5,129151,327,4,15333,428.14426973868916,0.0,144.0003121933815,47.58695813890933,338.3954131210753
conf6,158870,122,3,7336,245.00631314191864,0.0,132.9975814816334,44.04700381603104,339.1349782841317
conf8,141394,225,4,5166,244.19404974868775,0.0,94.78842647216561,31.349482787444355,338.6686705235017
conf10,128397,318,4,7937,349.61893638278843,0.0,71.74199099851651,23.776281718739963,339.36767214187245
TOTAL,738722,204,1,20266,357.5223469630672,0.0,409.41532997770923,151.258336091738,378.316405901002
