sampler_label,aggregate_report_count,average,aggregate_report_min,aggregate_report_max,aggregate_report_stddev,aggregate_report_error%,aggregate_report_rate,aggregate_report_bandwidth,average_bytes
conf5,114471,339,4,7646,328.2601668002995,0.0,381.1088582814794,125.8992992177382,338.27836744677694
TOTAL,114471,339,4,7646,328.2601668002995,0.0,381.1088582814794,125.8992992177382,338.27836744677694
