sampler_label,aggregate_report_count,average,aggregate_report_min,aggregate_report_max,aggregate_report_stddev,aggregate_report_error%,aggregate_report_rate,aggregate_report_bandwidth,average_bytes
conf3:conf3,151366,75,3,3147,115.20811291187479,0.0,504.52810692798687,167.22591279290202,339.4049456284767
TOTAL,151366,75,3,3147,115.20811291187479,0.0,504.52810692798687,167.22591279290202,339.4049456284767
