sampler_label,aggregate_report_count,average,aggregate_report_min,aggregate_report_max,aggregate_report_stddev,aggregate_report_error%,aggregate_report_rate,aggregate_report_bandwidth,average_bytes
conf6:conf6,144262,124,3,7336,240.3987327706219,0.0,480.89096600208677,159.24895110737395,339.10166225340004
TOTAL,144262,124,3,7336,240.3987327706219,0.0,480.89096600208677,159.24895110737395,339.10166225340004
