sampler_label,aggregate_report_count,average,aggregate_report_min,aggregate_report_max,aggregate_report_stddev,aggregate_report_error%,aggregate_report_rate,aggregate_report_bandwidth,average_bytes
conf8:conf8,126857,237,4,3976,240.15011872814867,0.0,422.6171835959623,139.73696806184827,338.58219885382755
TOTAL,126857,237,4,3976,240.15011872814867,0.0,422.6171835959623,139.73696806184827,338.58219885382755
