sampler_label,aggregate_report_count,average,aggregate_report_min,aggregate_report_max,aggregate_report_stddev,aggregate_report_error%,aggregate_report_rate,aggregate_report_bandwidth,average_bytes
all_confs:/adaptivecellsj/start.html,14803,123,1,20266,856.183305466436,0.0,49.467000835421885,111.12462471282373,2300.354049854759
all_confs:conf3,14741,233,3,15441,1069.5268848489109,0.0,49.461629572961016,16.390737274099166,339.3360694661149
all_confs:conf5,14680,228,4,15333,872.5902584765016,0.0,49.93995638758577,16.547882840751754,339.30810626703
all_confs:conf6,14608,110,3,4600,286.2467631308932,0.0,50.18930934727786,16.63814777681768,339.46399233296825
all_confs:conf8,14537,122,4,5166,254.39880933054448,0.0,50.62387474447775,16.780196133996387,339.4232647726491
all_confs:conf10,14478,116,5,2788,161.85447749372918,0.0,50.86853866261911,16.908198239030835,340.36745406824144
TOTAL,87847,155,1,20266,688.6389251256078,0.0,293.5572263993317,192.0695717157477,669.9860325338373
